{"cameraMode":{"drawMode":0,"name":"Shaded","section":"Shading Mode"},"sceneLighting":true,"audioPlay":false,"sceneViewState":{"m_AlwaysRefresh":false,"showFog":true,"showSkybox":true,"showFlares":true,"showImageEffects":true,"showParticleSystems":true,"showVisualEffectGraphs":true,"m_FxEnabled":true},"in2DMode":false,"pivot":{"x":-1.2812061309814454,"y":1.4228835105895997,"z":0.9772732257843018},"rotation":{"x":0.08496610820293427,"y":-0.6629014611244202,"z":0.07609882950782776,"w":0.739986777305603},"size":4.818559169769287,"orthographic":false}